{
  "image": "kuching_swinburne_corridor.png",
  "projection": "web_mercator",
  "extent": {
    "xmin": 12284653.437880386,
    "xmax": 12285876.430332948,
    "ymin": 169690.20279309124,
    "ymax": 171218.94335879435
  },
  "bounds": {
    "west": 110.3560511,
    "east": 110.3634792,
    "south": 1.5267794,
    "north": 1.5366285
  },
  "zoom": 17
}