{
  "image": "kuching_central_osm.png",
  "projection": "web_mercator",
  "extent": {
    "xmin": 12283124.697314681,
    "xmax": 12284347.689767245,
    "ymin": 173053.43203763917,
    "ymax": 173664.92826392024
  },
  "bounds": {
    "west": 110.3439417,
    "east": 110.3480907,
    "south": 1.5555583,
    "north": 1.5586881
  },
  "zoom": 16
}