{
  "image": "kuching_batu_kawa.png",
  "projection": "web_mercator",
  "extent": {
    "xmin": 12278232.727504432,
    "xmax": 12280678.712409556,
    "ymin": 167549.96600110628,
    "ymax": 169384.45467995032
  },
  "bounds": {
    "west": 110.2979282,
    "east": 110.318334,
    "south": 1.5071189,
    "north": 1.5165723
  },
  "zoom": 16
}