{
  "image": "kuching_sheraton_cbd.png",
  "projection": "web_mercator",
  "extent": {
    "xmin": 12283736.193540964,
    "xmax": 12285570.682219809,
    "ymin": 172441.93581135606,
    "ymax": 173664.92826392024
  },
  "bounds": {
    "west": 110.3477545,
    "east": 110.3607437,
    "south": 1.5500678,
    "north": 1.5577188
  },
  "zoom": 17
}