{
  "image": "kuching_museum_loop_osm.png",
  "projection": "web_mercator",
  "extent": {
    "xmin": 12282818.949201543,
    "xmax": 12283736.193540964,
    "ymin": 172441.93581135606,
    "ymax": 173664.92826392024
  },
  "bounds": {
    "west": 110.3394138,
    "east": 110.3447441,
    "south": 1.5512194,
    "north": 1.5581955
  },
  "zoom": 17
}