{
  "image": "kuching_saradise_stutong.png",
  "projection": "web_mercator",
  "extent": {
    "xmin": 12284959.185993526,
    "xmax": 12286182.17844609,
    "ymin": 166938.469774825,
    "ymax": 168161.46222738802
  },
  "bounds": {
    "west": 110.3582098,
    "east": 110.3665073,
    "south": 1.5037591,
    "north": 1.5093607
  },
  "zoom": 16
}