{
  "image": "kuching_green_heights.png",
  "projection": "web_mercator",
  "extent": {
    "xmin": 12283430.445427824,
    "xmax": 12284959.185993526,
    "ymin": 166938.469774825,
    "ymax": 168772.95845366802
  },
  "bounds": {
    "west": 110.3447577,
    "east": 110.3565855,
    "south": 1.5007038,
    "north": 1.5135861
  },
  "zoom": 17
}