{
  "image": "kuching_heritage.png",
  "projection": "web_mercator",
  "extent": {
    "xmin": 12282818.949201543,
    "xmax": 12284041.941654105,
    "ymin": 172441.93581135606,
    "ymax": 173664.92826392024
  },
  "bounds": {
    "west": 110.3402,
    "east": 110.3479,
    "south": 1.551219,
    "north": 1.558856
  },
  "zoom": 17
}