{
  "image": "kuching_pending_industrial.png",
  "projection": "web_mercator",
  "extent": {
    "xmin": 12287405.170898652,
    "xmax": 12289851.155803777,
    "ymin": 171218.94335879435,
    "ymax": 174887.92071648323
  },
  "bounds": {
    "west": 110.3846137,
    "east": 110.3970314,
    "south": 1.544693,
    "north": 1.5669023
  },
  "zoom": 15
}