{
  "image": "kuching_heritage.png",
  "projection": "web_mercator",
  "extent": {
    "xmin": 12282513.201088402,
    "xmax": 12284041.941654105,
    "ymin": 172136.18769821676,
    "ymax": 173970.67637706135
  },
  "bounds": {
    "west": 110.337854,
    "east": 110.3480907,
    "south": 1.5483718,
    "north": 1.5604209
  },
  "zoom": 17
}