{
  "image": "kuching_central_osm.png",
  "projection": "web_mercator",
  "extent": {
    "xmin": 12282513.201088402,
    "xmax": 12284347.689767245,
    "ymin": 172441.93581135606,
    "ymax": 174276.42449020184
  },
  "bounds": {
    "west": 110.3390032,
    "east": 110.3494343,
    "south": 1.5540712,
    "north": 1.561105
  },
  "zoom": 16
}