{
  "image": "kuching_batu_kawa.png",
  "projection": "web_mercator",
  "extent": {
    "xmin": 12278844.223730713,
    "xmax": 12280678.712409556,
    "ymin": 167549.96600110628,
    "ymax": 168772.95845366802
  },
  "bounds": {
    "west": 110.3041641,
    "east": 110.318334,
    "south": 1.5075254,
    "north": 1.512466
  },
  "zoom": 16
}