{
  "image": "kuching_airport_corridor.png",
  "projection": "web_mercator",
  "extent": {
    "xmin": 12281290.208635839,
    "xmax": 12283736.193540964,
    "ymin": 162657.9961908537,
    "ymax": 166326.97354854314
  },
  "bounds": {
    "west": 110.3282901,
    "east": 110.3420943,
    "south": 1.4687866,
    "north": 1.4902449
  },
  "zoom": 15
}